date,revenue,fees,expenses
2020-12-04,2.4326090587603955,41.54744540598252,39.11483634722212
2020-12-05,17.099272476263536,170.25568388744733,153.1564114111838
2020-12-06,39.508407787133784,397.4408492850507,357.93244149791695
2020-12-07,72.64710993097862,704.584146460984,631.9370365300053
2020-12-08,110.74952404243129,1123.1008143170611,1012.3512902746298
2020-12-09,171.013617451022,1690.7529474605817,1519.7393300095598
2020-12-10,166.97369227859483,1661.0439798923348,1494.07028761374
2020-12-11,170.6829415292441,1646.5845779662495,1475.9016364370054
2020-12-12,145.03946010797054,1278.6392167877384,1133.5997566797678
2020-12-13,192.6913467228165,1742.5805306624525,1549.889183939636
2020-12-14,226.3872838926421,2091.8949683396622,1865.5076844470202
2020-12-15,283.06241998613865,2634.3781619016745,2351.315741915536
2020-12-16,498.5589900632934,4612.542891945638,4113.983901882345
2020-12-17,455.11700652296236,4302.221955916032,3847.1049493930695
2020-12-18,894.6876613111491,8613.40596434056,7718.718303029411
2020-12-19,516.6092531814554,4945.2668770205055,4428.65762383905
2020-12-20,485.38589473849146,4671.139272156919,4185.753377418428
2020-12-21,683.7981514625317,6613.688533000422,5929.89038153789
2020-12-22,700.2345504452823,6806.639626724655,6106.405076279372
2020-12-23,595.7249938663955,5216.036050271092,4620.3110564046965
2020-12-24,612.2115996113802,5849.588637587327,5237.377037975947
2020-12-25,762.795911177483,7639.315473262882,6876.519562085399
2020-12-26,858.6699476475516,8376.753058114919,7518.083110467367
2020-12-27,716.1442863151809,6888.7483889243185,6172.604102609138
2020-12-28,677.1826256054303,6772.603672495399,6095.421046889969
2020-12-29,945.0303614961538,9428.081142403047,8483.050780906893
2020-12-30,622.4169550430655,6176.23447406212,5553.817519019055
2020-12-31,2470.2544868263312,38284.18383154123,35813.9293447149
2021-01-01,1959.678034316538,52260.807928705166,50301.12989438863
2021-01-02,2365.84245532869,66775.83399049053,64409.99153516184
2021-01-03,2798.60558529334,74826.12254855483,72027.5169632615
2021-01-04,2564.6394588422754,91299.2042095204,88734.56475067812
2021-01-05,2020.1244197407832,22933.31752144608,20913.193101705296
2021-01-06,1448.4624779789415,12849.814726844956,11401.352248866015
2021-01-07,3843.6177929303894,37598.808248822104,33755.190455891716
2021-01-08,3011.7713151222124,29185.699033351877,26173.927718229665
2021-01-09,3345.7558610544493,31974.94720896876,28629.19134791431
2021-01-10,2912.435284698527,27451.112994111834,24538.677709413307
2021-01-11,2620.3502060877177,25538.30491204325,22917.954705955533
2021-01-12,2430.984661253675,25160.848226123173,22729.863564869498
2021-01-13,2092.434012905295,20276.602274805107,18184.168261899813
2021-01-14,2370.3201151849685,23347.300692603134,20976.980577418166
2021-01-15,4157.577062749529,40365.528990170686,36207.951927421156
2021-01-16,3523.1098948005774,35147.57958513248,31624.4696903319
2021-01-17,3478.7835605045675,34411.45543409783,30932.67187359326
2021-01-18,4544.987809735245,45883.7730573142,41338.785247578955
2021-01-19,3936.7972521435913,40200.1510199481,36263.35376780451
2021-01-20,5680.5724438293355,56133.75559752768,50453.183153698345
2021-01-21,4893.450226261141,47459.13951877036,42565.68929250922
2021-01-22,5150.14819327958,54000.2157822292,48850.06758894962
2021-01-23,4958.8602922132495,49186.86920359292,44228.00891137967
2021-01-24,5070.006339034237,49605.764581956726,44535.758242922486
2021-01-25,6507.334520052787,62135.86123696815,55628.52671691537
2021-01-26,6005.610002202876,59258.90673283229,53253.296730629416
2021-01-27,4967.082035895677,45292.414968947356,40325.33293305168
2021-01-28,5192.8120548847255,52797.88328701993,47605.071232135204
2021-01-29,5495.252073031862,58998.72078242564,53503.468709393775
2021-01-30,6574.779723663611,66263.63204082895,59688.852317165336
2021-01-31,6973.028421638436,70588.02821668984,63614.9997950514
2021-02-01,7517.565312800636,74475.14254354112,66957.57723074048
2021-02-02,6331.583063498738,60539.05113942301,54207.46807592428
2021-02-03,10741.212796305916,107242.26287790555,96501.05008159963
2021-02-04,12917.594653831133,130838.64233335169,117921.04767952056
2021-02-05,11319.31002228986,1743213.1223297596,1731893.8123074698
2021-02-06,11434.468788157128,109287.42711000664,97852.95832184951
2021-02-07,9024.567740291568,89819.27807604584,80794.71033575427
2021-02-08,6728.994336514614,74038.62644670613,67309.63211019151
2021-02-09,13318.689916670264,132316.98043141112,118998.29051474086
2021-02-10,18575.49658989396,180695.61553872385,162120.11894882988
2021-02-11,18495.81877945835,186343.66656548777,167847.84778602942
2021-02-12,17407.775305631392,178262.8980877883,160855.1227821569
2021-02-13,13260.509663391265,134078.85083106675,120818.34116767549
2021-02-14,11292.337651269474,127278.13750057667,115985.7998493072
2021-02-15,12463.87545028738,125386.34910669223,112922.47365640485
2021-02-16,15332.762498377213,157857.90673887817,142525.14424050096
2021-02-17,17004.377400135156,174525.72729711447,157521.3498969793
2021-02-18,14983.016995131935,158772.88065736255,143789.8636622306
2021-02-19,18523.6687132888,185142.03300017587,166618.36428688708
2021-02-20,16022.320541711088,156656.2385487134,140633.9180070023
2021-02-21,15769.051376802356,155345.5126961317,139576.46131932933
2021-02-22,14481.709640108847,143302.7874495594,128821.07780945055
2021-02-23,13358.41283177872,140543.34506184648,127184.93223006776
2021-02-24,10333.814052214913,110950.58487984967,100616.77082763475
2021-02-25,12670.004956705945,133604.70963924492,120934.70468253897
2021-02-26,15449.144475114235,154902.00678359327,139452.86230847903
2021-02-27,9810.420354656584,99891.83364340958,90081.413288753
2021-02-28,9802.421866516703,98769.2180527434,88966.7961862267
2021-03-01,10116.290427065747,109442.08457534564,99325.79414827989
2021-03-02,11273.220816751189,114626.09214137582,103352.87132462463
2021-03-03,10753.58852241938,109630.28603025596,98876.69750783658
2021-03-04,13858.58387959143,135841.25711107237,121982.67323148093
2021-03-05,14695.639466934304,138208.6152237576,123512.9757568233
2021-03-06,11893.424872545962,111701.17120739781,99807.74633485185
2021-03-07,11227.033816163204,108365.69971007174,97138.66589390853
2021-03-08,42525.3715818638,309004.8003342922,266479.4287524284
2021-03-09,32923.72400504019,258824.67458603112,225900.95058099093
2021-03-10,26389.155547560666,234857.19356905864,208468.03802149798
2021-03-11,33021.23779364091,299252.24337289965,266231.0055792587
2021-03-12,34977.835076645184,304462.64926183736,269484.81418519217
2021-03-13,19990.573770160103,179307.14828289516,159316.57451273507
2021-03-14,16198.02577678181,158364.73130630783,142166.70552952602
2021-03-15,19557.714956288615,190384.54578555422,170826.83082926561
2021-03-16,19432.832918497184,185855.8433630501,166423.01044455293
2021-03-17,19283.541455211383,190399.39364484375,171115.85218963237
2021-03-18,23604.484695841278,231920.2187416256,208315.73404578434
2021-03-19,29552.296730121197,281225.0672600185,251672.7705298973
2021-03-20,18955.178938797013,184102.2728400909,165147.0939012939
2021-03-21,19264.545259226586,180676.84533365702,161412.30007443044
2021-03-22,18443.233771392093,165475.7755826871,147032.54181129503
2021-03-23,18687.091694964667,166292.99279933464,147605.90110436996
2021-03-24,15806.227413045104,149465.0463726963,133658.8189596512
2021-03-25,18139.0595570269,174108.7050726038,155969.6455155769
2021-03-26,15292.455147012603,150631.08082435644,135338.62567734384
2021-03-27,15842.197555780693,150138.62363059336,134296.42607481265
2021-03-28,18057.397032381705,180658.29219536917,162600.89516298746
2021-03-29,17941.117188454715,169175.03567130043,151233.9184828457
2021-03-30,16734.090797711957,159877.82329200403,143143.73249429208
2021-03-31,18100.77323849359,173429.21477395974,155328.44153546615
2021-04-01,24921.978397698254,235810.10136501235,210888.1229673141
2021-04-02,26584.182643890526,244321.22135073648,217737.03870684595
2021-04-03,26210.893998081294,245017.65648837428,218806.76249029298
2021-04-04,31923.35654751319,327151.33550507645,295227.9789575633
2021-04-05,33544.82196115428,325539.28029330744,291994.45833215315
2021-04-06,28175.961669311542,275330.61512209935,247154.6534527878
2021-04-07,22897.324267051146,229153.58421596914,206256.25994891798
2021-04-08,22181.16486099307,223776.66931873854,201595.50445774547
2021-04-09,19984.745181036335,196056.68433844094,176071.93915740462
2021-04-10,19774.29921100727,189603.99535331817,169829.6961423109
2021-04-11,26704.125981598656,253793.80712529412,227089.68114369546
2021-04-12,28001.95023346215,271819.2514499267,243817.30121646455
2021-04-13,25380.871542720244,248430.35320066553,223049.4816579453
2021-04-14,25208.716490962765,244543.59113889493,219334.87464793216
2021-04-15,33819.97005473488,309569.42510822846,275749.4550534936
2021-04-16,44894.17088445717,415379.8638371838,370485.6929527266
2021-04-17,45552.52651495865,417293.190362769,371740.66384781036
2021-04-18,37917.71434091098,341702.4275649148,303784.71322400385
2021-04-19,35961.91808032378,333281.6645901714,297319.74650984764
2021-04-20,34267.79401595122,310892.29260020144,276624.4985842502
2021-04-21,31951.0476341167,282453.94776908954,250502.90013497285
2021-04-22,32444.67116716887,278659.7676952686,246215.09652809973
2021-04-23,36370.97861437999,331066.17916280427,294695.20054842427
2021-04-24,32073.54729286131,265695.3886256142,233621.84133275293
2021-04-25,30608.728172938314,250629.36915221316,220020.64097927485
2021-04-26,33528.75573792295,301981.939072935,268453.18333501206
2021-04-27,47891.449806044926,464452.2626583746,416560.8128523297
2021-04-28,61876.28253402441,598119.7274174572,536243.4448834327
2021-04-29,69118.7104307374,652855.3202045889,583736.6097738516
2021-04-30,77560.76998183035,733908.7868561847,656348.0168743543
2021-05-01,89744.46193070748,853542.581554642,763798.1196239345
2021-05-02,106789.00540904772,1017867.3565525333,911078.3511434856
2021-05-03,92640.38461283264,869638.3919060912,776998.0072932586
2021-05-04,171989.28146909384,1665505.8154166506,1493516.5339475567
2021-05-05,140280.09392053256,1348006.3488796586,1207726.254959126
2021-05-06,126155.11437009918,1452239.7813413476,1326084.6669712483
2021-05-07,157475.75632229052,1518597.252739938,1361121.4964176475
2021-05-08,183296.46373105663,1774780.0773747787,1591483.6136437221
2021-05-09,171609.7959911698,1657350.2679480528,1485740.471956883
2021-05-10,132513.9634715549,1264144.550888496,1131630.587416941
2021-05-11,175984.32301404866,1711199.6732180433,1535215.3502039947
2021-05-12,173074.58752636285,1666622.3133215948,1493547.725795232
2021-05-13,210369.44176734047,2064931.4742347116,1854562.032467371
2021-05-14,171601.444151224,1760296.907853857,1588695.463702633
2021-05-15,180678.25992837021,1733180.3200223334,1552502.0600939633
2021-05-16,170965.76635061475,1644919.5304120765,1473953.7640614617
2021-05-17,136250.77512608902,1283294.882545665,1147044.1074195758
2021-05-18,130962.04299571976,1233600.3659182356,1102638.322922516
2021-05-19,127398.36225436835,1159856.5408427496,1032458.1785883813
2021-05-20,157735.14826742338,1653265.6186135572,1495530.4703461337
2021-05-21,140377.92288889224,1369121.7238338073,1228743.800944915
2021-05-22,114589.57321750847,1347444.4254428959,1232854.8522253875
2021-05-23,89344.6901300443,1171017.7089712103,1081673.018841166
2021-05-24,89390.07965827867,865153.7228308502,775763.6431725714
2021-05-25,94475.8682760045,848938.1205428704,754462.2522668659
2021-05-26,100522.25191099587,886962.8210694665,786440.5691584707
2021-05-27,102236.71277848643,885085.6991733513,782848.9863948649
2021-05-28,103588.00715775303,958608.3705015555,855020.3633438025
2021-05-29,99681.19894137995,872269.5966489823,772588.3977076024
2021-05-30,95571.25570072116,958827.149891344,863255.8941906228
2021-05-31,99767.10760693089,860905.9416573244,761138.8340503935
2021-06-01,113823.14924992286,969079.1985913154,855256.0493413926
2021-06-02,116624.76802373998,979629.2270713641,863004.4590476241
2021-06-03,121408.90472752045,1010448.790419368,889039.8856918475
2021-06-04,121493.77071514787,1013686.5173838782,892192.7466687304
2021-06-05,135255.0573425296,1107661.644032145,972406.5866896154
2021-06-06,135763.01385286698,1152077.0616032302,1016314.0477503632
2021-06-07,125136.51603614865,1047204.3612421345,922067.8452059858
2021-06-08,124996.15192726464,1061216.0969370082,936219.9450097436
2021-06-09,116664.23150266042,1004291.5195071539,887627.2880044935
2021-06-10,124433.86474990987,1033969.1972846949,909535.332534785
2021-06-11,126500.09920697902,1072244.692253285,945744.593046306
2021-06-12,120240.19989311651,1032595.1839711439,912354.9840780274
2021-06-13,113157.51430732805,946982.7117006035,833825.1973932754
2021-06-14,114761.47244907335,958362.1546044368,843600.6821553635
2021-06-15,110600.8791928493,941931.864888999,831330.9856961498
2021-06-16,119939.61359260633,1032669.5207446273,912729.9071520211
2021-06-17,112715.80022890342,988929.8667547134,876214.0665258099
2021-06-18,112959.32976306468,1016503.756808412,903544.4270453474
2021-06-19,88441.97874459492,867186.7694205432,778744.7906759483
2021-06-20,86462.21570899646,847116.7178701167,760654.5021611203
2021-06-21,81200.18445102412,802532.1156890021,721331.9312379779
2021-06-22,76921.53737460787,766137.2856383341,689215.7482637262
2021-06-23,74281.82274158834,733284.069048036,659002.2463064477
2021-06-24,74847.98074036693,724255.7647431354,649407.7840027685
2021-06-25,72384.32107146815,710439.9017467385,638055.5806752703
2021-06-26,72561.62082018194,704839.181333927,632277.5605137451
2021-06-27,71879.87191802537,685777.9459775928,613898.0740595674
2021-06-28,72872.91203208917,804516.6745519177,731643.7625198285
2021-06-29,71559.28379176735,691479.2476782489,619919.9638864816
2021-06-30,75213.00916013267,715157.1418449907,639944.132684858
2021-07-01,78178.51186585239,742469.382617181,664290.8707513286
2021-07-02,75609.1292587792,727611.9797730613,652002.8505142821
2021-07-03,74950.83684290886,715358.9634843925,640408.1266414836
2021-07-04,73779.03568478231,699440.9217070013,625661.886022219
2021-07-05,73211.41241282239,701911.5217563641,628700.1093435418
2021-07-06,70163.70175143213,739345.6473017838,669181.9455503516
2021-07-07,69072.252687594,659787.2350479846,590714.9823603906
2021-07-08,70626.10365745134,672399.2879996246,601773.1843421733
2021-07-09,70844.45275451074,681697.8958546636,610853.4431001528
2021-07-10,75717.3205087445,720610.6002440599,644893.2797353155
2021-07-11,76488.3844052386,717164.5132023115,640676.1287970729
2021-07-12,73028.59503410784,670677.382680835,597648.7876467272
2021-07-13,77236.00569232885,739763.6270388216,662527.6213464928
2021-07-14,81489.63375872688,785390.2810652246,703900.6473064977
2021-07-15,69577.0548966582,725248.2643979818,655671.2095013236
2021-07-16,70177.64313353121,662001.7769898695,591824.1338563383
2021-07-17,70375.705458096,903293.2163620065,832917.5109039105
2021-07-18,80206.28746116742,764286.250617754,684079.9631565865
2021-07-19,81183.639666006,813308.5605346502,732124.9208686443
2021-07-20,79488.18968598807,777173.9721236957,697685.7824377075
2021-07-21,77915.09579424362,780209.6759475099,702294.5801532663
2021-07-22,75468.53575077871,767048.953811193,691580.4180604143
2021-07-23,77565.77591989045,747047.9102050391,669482.1342851486
2021-07-24,78832.33884771944,755343.8498510718,676511.5110033524
2021-07-25,84511.17563566394,809498.558739323,724987.3831036591
2021-07-26,85868.7911834802,823245.6327879746,737376.8416044944
2021-07-27,85532.48624481587,830181.2504297709,744648.764184955
2021-07-28,82871.20930466503,794684.7365554989,711813.5272508339
2021-07-29,83310.20894593908,803227.2831572336,719917.0742112945
2021-07-30,86884.8294023322,832535.819170556,745650.9897682238
2021-07-31,87087.90079703751,833222.4872853856,746134.5864883481
2021-08-01,94404.41476755776,909805.5152672313,815401.1004996735
2021-08-02,100995.27506007011,979574.7535789661,878579.478518896
2021-08-03,99401.94207415398,959944.3429240731,860542.4008499191
2021-08-04,96787.8283146733,1091918.198346278,995130.3700316047
2021-08-05,90083.29105088965,868588.5028413907,778505.211790501
2021-08-06,87919.58231373574,875509.8308489978,787590.2485352621
2021-08-07,88582.1503953253,867155.829393366,778573.6789980407
2021-08-08,93150.95074993462,907174.8069301521,814023.8561802175
2021-08-09,102697.37597617012,977540.7611477852,874843.385171615
2021-08-10,103996.93778613233,1015713.4385342819,911716.5007481496
2021-08-11,111400.53308029569,1085234.3369331555,973833.8038528599
2021-08-12,130378.44556717036,1283182.7591039292,1152804.3135367588
2021-08-13,105198.32044463625,1022054.6669140583,916856.346469422
2021-08-14,139401.40683345005,1388347.260801571,1248945.8539681209
2021-08-15,142836.37068687362,1381770.9206329342,1238934.5499460606
2021-08-16,119874.36729511154,1171508.5612654923,1051634.1939703808
2021-08-17,119841.3721596263,1167557.0652368132,1047715.6930771868
2021-08-18,120882.78288044027,1185768.5167003253,1064885.733819885
2021-08-19,110138.62375647313,1080928.7051334074,970790.0813769342
2021-08-20,111685.15687178218,1110581.8550407444,998896.6981689623
2021-08-21,130967.15668921455,1290649.4824823788,1159682.3257931643
2021-08-22,181038.89252350945,1785269.4397199117,1604230.5471964022
2021-08-23,208238.0153225543,2046361.794319907,1838123.7789973526
2021-08-24,206008.49330073033,2028375.2501767313,1822366.756876001
2021-08-25,146816.46186800857,1451317.9767676839,1304501.5148996753
2021-08-26,147840.6940606625,1448081.3907455667,1300240.6966849042
2021-08-27,130539.06566659617,1262153.7610471253,1131614.6953805292
2021-08-28,128964.65552928227,1269314.2009004352,1140349.545371153
2021-08-29,147897.5207153651,1444846.7771478342,1296949.256432469
2021-08-30,164521.60165193968,1629391.182672039,1464869.581020099
2021-08-31,182100.45557076205,1799125.9858139306,1617025.5302431686
2021-09-01,190543.38252763703,1865206.8218518088,1674663.4393241717
2021-09-02,170145.0959037471,1712854.9010299025,1542709.8051261555
2021-09-03,202313.95206854254,1991743.4463158639,1789429.4942473213
2021-09-04,200739.34012492624,2008891.6232840372,1808152.283159111
2021-09-05,176242.93082944787,1736257.2652783054,1560014.3344488575
2021-09-06,161611.3400316384,1587442.8274315323,1425831.4873998938
2021-09-07,239220.089597289,2380709.7905427758,2141489.700945487
2021-09-08,251812.3290280111,2531389.7062506587,2279577.3772226474
2021-09-09,137650.87422010186,1369259.2040508054,1231608.3298307036
2021-09-10,166845.23503388412,1639204.4287905958,1472359.1937567117
2021-09-11,160150.3087997905,1581014.4102720306,1420864.1014722402
2021-09-12,144143.77736987759,1399947.740054919,1255803.9626850414
2021-09-13,159442.5432270515,1579676.512639083,1420233.9694120316
2021-09-14,180862.09795028972,1780064.000784189,1599201.9028338993
2021-09-15,142283.72871679097,1399310.1316498895,1257026.4029330986
2021-09-16,128346.99200325446,1197525.8645523582,1069178.8725491038
2021-09-17,177866.21021086708,1708170.103763743,1530303.893552876
2021-09-18,176405.16252874647,1756512.9515076284,1580107.788978882
2021-09-19,149474.37868905635,1463728.5548476004,1314254.1761585441
2021-09-20,147304.3799468322,1444786.3760341138,1297481.9960872815
2021-09-21,142249.23224376712,1438426.0414920403,1296176.8092482733
2021-09-22,136434.36589361686,1381074.964657203,1244640.5987635863
2021-09-23,133614.78699345875,1327339.7639763602,1193724.9769829013
2021-09-24,173630.8967589986,1710760.9681886188,1537130.0714296203
2021-09-25,172523.38206978067,1737615.9671862414,1565092.5851164607
2021-09-26,144612.96459477427,1426131.3775480492,1281518.412953275
2021-09-27,145159.36172549505,1425533.8200601395,1280374.4583346446
2021-09-28,158330.12796902822,1532271.795677928,1373941.6677088998
2021-09-29,135818.8030937229,1520305.4926714757,1384486.6895777527
2021-09-30,126071.9649922639,1220684.6203796312,1094612.6553873674
2021-10-01,141103.12800798914,1333927.590816683,1192824.4628086938
2021-10-02,143116.59171133017,1371698.2607836663,1228581.669072336
2021-10-03,159509.11746601,1538691.986061696,1379182.868595686
2021-10-04,154315.92881548966,1498400.5119156742,1344084.5831001846
2021-10-05,147825.05535902505,1446628.2278960194,1298803.1725369943
2021-10-06,184088.42895343484,1793948.516128426,1609860.0871749911
2021-10-07,187849.3320530891,1825982.5516788445,1638133.2196257554
2021-10-08,205900.48501015,1992254.1548855833,1786353.6698754332
2021-10-09,169561.39116104448,1599805.6928877777,1430244.3017267333
2021-10-10,159135.96731711962,1502173.4882305446,1343037.520913425
2021-10-11,167251.98183838231,1599292.1329654828,1432040.1511271005
2021-10-12,184541.04732273574,1786212.976874094,1601671.9295513583
2021-10-13,200270.11443717024,1915395.9485476478,1715125.8341104775
2021-10-14,193173.46722645086,1837579.7263227936,1644406.2590963428
2021-10-15,230096.49783206393,2202063.5099203386,1971967.0120882746
2021-10-16,283455.43022737815,2712732.8616088517,2429277.4313814733
2021-10-17,221154.4917451951,2059899.26231352,1838744.770568325
2021-10-18,199640.39766801955,1941510.5670521767,1741870.169384157
2021-10-19,232453.27650629042,2269638.719390649,2037185.4428843586
2021-10-20,232223.98226816137,2249365.410892903,2017141.4286247415
2021-10-21,218283.0996289382,2113705.164899307,1895422.0652703687
2021-10-22,266451.6110976929,2608577.940273596,2342126.329175903
2021-10-23,238927.3137810456,2328661.0352941444,2089733.7215130988
2021-10-24,193835.7466064459,1900345.5545099825,1706509.8079035366
2021-10-25,207875.0008993544,2046819.149823636,1838944.1489242816
2021-10-26,226942.9342156417,2236120.9602483204,2009178.0260326788
2021-10-27,239719.921931885,2353305.3790968307,2113585.4571649455
2021-10-28,245851.27079282107,4311123.75696917,4065272.4861763488
2021-10-29,228482.9853202906,2226142.1811125865,1997659.195792296
2021-10-30,418980.3994051767,4112090.544962753,3693110.1455575763
2021-10-31,268235.36609350325,2680445.8915389087,2412210.5254454054
2021-11-01,375342.5099962092,3698404.9502173024,3323062.440221093
2021-11-02,236765.71240902125,2273821.779396023,2037056.0669870018
2021-11-03,196945.3454963518,1943869.451865431,1746924.106369079
2021-11-04,210125.30346314504,2097495.637683906,1887370.334220761
2021-11-05,194823.82367905305,1935473.2102771676,1740649.3865981146
2021-11-06,194013.37183211168,1915198.9135015942,1721185.5416694826
2021-11-07,201796.540831558,2004213.5403128224,1802416.9994812645
2021-11-08,202173.27813578004,1988768.8334694433,1786595.5553336632
2021-11-09,224581.1237110317,2231305.6795846596,2006724.555873628
2021-11-10,231060.11917852768,2230626.695856007,1999566.576677479
2021-11-11,229980.15727313072,2225927.5058930926,1995947.3486199619
2021-11-12,183989.9654072147,1699522.2343787425,1515532.268971528
2021-11-13,197730.9280554701,1908183.417255652,1710452.4892001818
2021-11-14,175371.51072248968,1810038.8377266144,1634667.3270041249
2021-11-15,177998.78489546292,1666191.6985169556,1488192.9136214927
2021-11-16,179128.3036046523,1747913.2339988765,1568784.9303942244
2021-11-17,161979.8873820764,1613114.6605825585,1451134.7732004821
2021-11-18,142415.27724639978,1360239.6506230747,1217824.373376675
2021-11-19,152654.97386552702,1471405.7304135053,1318750.7565479784
2021-11-20,151380.50139326727,1476658.273698722,1325277.7723054548
2021-11-21,151779.58506960666,1459258.0182991738,1307478.433229567
2021-11-22,136777.89428302675,1305276.2414222027,1168498.347139176
2021-11-23,136196.33972228452,1323915.8785829975,1187719.538860713
2021-11-24,137952.74409903516,1320310.0306177952,1182357.28651876
2021-11-25,157894.31928682057,1536033.2068975025,1378138.887610682
2021-11-26,173015.29354610786,1737714.3050152431,1564699.0114691353
2021-11-27,164466.1623525244,1695123.0747661213,1530656.9124135969
2021-11-28,158097.37277660897,1572660.076093799,1414562.70331719
2021-11-29,147954.30933577282,1448918.6144557688,1300964.305119996
2021-11-30,157689.11499432696,1540746.0765702603,1383056.9615759333
2021-12-01,174155.92341892066,1733955.8778973494,1559799.9544784287
2021-12-02,175555.29589106367,1814600.8986028847,1639045.602711821
2021-12-03,183142.33151645528,1914895.4756973716,1731753.1441809162
2021-12-04,182992.77123214348,1894426.0102094463,1711433.2389773028
2021-12-05,148631.86812698265,1489996.3679088256,1341364.499781843
2021-12-06,133413.57115318102,1287574.2468937805,1154160.6757405996
2021-12-07,126539.11075043044,1230751.0300352084,1104211.919284778
2021-12-08,139809.87761523444,1348102.6076169924,1208292.730001758
2021-12-09,138429.83008632142,1335813.7597768302,1197383.9296905089
2021-12-10,132568.16829077707,1280263.247096409,1147695.078805632
2021-12-11,127620.16531023009,1265383.3562412634,1137763.1909310333
2021-12-12,124863.21473406891,1189828.1944999744,1064964.9797659055
2021-12-13,126535.34638104169,1214194.1602106101,1087658.8138295684
2021-12-14,131984.43465856084,1272492.4060003087,1140507.9713417478
2021-12-15,121171.0376757845,1173943.9632604453,1052772.9255846608
2021-12-16,124814.7597635327,1190619.0572357317,1065804.297472199
2021-12-17,128770.24458344937,1200695.9768137932,1071925.7322303439
2021-12-18,126465.37410658119,1206490.1376192472,1080024.763512666
2021-12-19,130668.54409835543,1233495.3018003656,1102826.7577020102
2021-12-20,134191.85504851246,1275528.4965407006,1141336.641492188
2021-12-21,134439.94005655393,1265697.163902903,1131257.223846349
2021-12-22,131669.89040998666,1255188.6321121722,1123518.7417021855
2021-12-23,134563.06403524787,1279680.9746531555,1145117.9106179078
2021-12-24,138650.5159811167,1308273.0075533628,1169622.491572246
2021-12-25,143694.2442588317,1344374.2248026473,1200679.9805438155
2021-12-26,163427.4367467438,1580370.7065696616,1416943.2698229179
2021-12-27,146028.7362164277,1409728.1273706148,1263699.391154187
2021-12-28,134710.10084610738,1297526.2763371044,1162816.175490997
2021-12-29,139967.38493695774,1349374.8323168335,1209407.447379876
2021-12-30,144612.94654763932,1404599.3436970212,1259986.397149382
2021-12-31,145368.04057549225,1395895.0719579787,1250527.0313824865
2022-01-01,146941.12126843742,1401646.6041030455,1254705.482834608
2022-01-02,138626.428580038,1327242.3513042568,1188615.9227242188
2022-01-03,139140.07232557263,1317992.8677189741,1178852.7953934015
2022-01-04,148751.3415310527,1406842.664137415,1258091.3226063622
2022-01-05,142742.90591152737,1362493.6089701774,1219750.70305865
2022-01-06,147795.1329827215,1411629.2799320058,1263834.1469492842
2022-01-07,142169.6200451439,1396746.987430695,1254577.367385551
2022-01-08,142317.65217196292,1380771.4452134792,1238453.7930415163
2022-01-09,130241.58703072033,1255702.4236422116,1125460.8366114912
2022-01-10,128126.1121698497,1233583.7585215312,1105457.6463516816
2022-01-11,126593.32743755466,1239741.8438366635,1113148.5163991088
2022-01-12,133444.32688345248,1278548.4422920726,1145104.11540862
2022-01-13,136243.60192696934,1291395.3009453989,1155151.6990184295
2022-01-14,130868.8284669616,1256207.105751975,1125338.2772850133
2022-01-15,131020.79328262931,1253701.1382393052,1122680.344956676
2022-01-16,147671.93491879918,1403142.6333946423,1255470.698475843
2022-01-17,137061.821744896,1293085.288761868,1156023.467016972
2022-01-18,134444.5148741629,1396765.581357328,1262321.0664831651
2022-01-19,140074.9164449273,1535137.9224754605,1395063.0060305332
2022-01-20,133248.34343438296,1309409.4698815702,1176161.1264471873
2022-01-21,151061.99564505284,1416348.6180636296,1265286.6224185769
2022-01-22,138001.40949510402,1407006.6683867397,1269005.2588916356
2022-01-23,99406.70227799268,983308.0835406915,883901.3812626989
2022-01-24,91653.4792295438,885808.8952720298,794155.416042486
2022-01-25,99628.30639957727,950392.5435487026,850764.2371491253
2022-01-26,94316.01002749836,895409.1988115538,801093.1887840554
2022-01-27,94430.48249403045,914893.13892235,820462.6564283195
2022-01-28,97032.10869422769,920762.3286571568,823730.2199629291
2022-01-29,96394.1737504008,909874.2207958142,813480.0470454134
2022-01-30,107007.08223361606,955680.0725700465,848672.9903364305
2022-01-31,99587.6691735306,913690.337647863,814102.6684743324
2022-02-01,99110.79523489739,896540.9379037747,797430.1426688773
2022-02-02,98788.10783683242,913048.6697323867,814260.5618955543
2022-02-03,94306.95953366191,888453.2532628069,794146.293729145
2022-02-04,98170.68120114105,911778.0785523203,813607.3973511792
2022-02-05,97602.91053306185,910058.0664083725,812455.1558753107
2022-02-06,101601.6216073895,1161366.0808790398,1059764.4592716503
2022-02-07,100472.79757981881,1032226.3838660882,931753.5862862694
2022-02-08,99528.68671359171,984296.2528077513,884767.5660941596
2022-02-09,100304.23332432396,929769.9942837558,829465.7609594318
2022-02-10,100261.93774748273,940579.8655775911,840317.9278301084
2022-02-11,104115.57108500035,971768.869191854,867653.2981068536
2022-02-12,107911.26006547816,1011240.6774338803,903329.4173684021
2022-02-13,96785.09956879116,909167.7418073332,812382.642238542
2022-02-14,96263.95324305956,905564.1148211923,809300.1615781328
2022-02-15,92301.30319610915,840563.7396436259,748262.4364475168
2022-02-16,82010.55646209915,757072.1543486394,675061.5978865402
2022-02-17,76788.2610244084,716919.4786468643,640131.2176224559
2022-02-18,81126.56236113205,751380.4146308752,670253.8522697432
2022-02-19,78804.05198246294,727814.6874785179,649010.6354960549
2022-02-20,77784.48412533829,727318.9431650552,649534.459039717
2022-02-21,82829.90705178582,755644.2686058733,672814.3615540875
2022-02-22,77788.06031580626,750153.0138739623,672364.953558156
2022-02-23,69197.36663486276,630563.8138176181,561366.4471827553
2022-02-24,69203.51413377996,620791.1002857522,551587.5861519723
2022-02-25,71895.77421828624,664623.8882131571,592728.1139948708
2022-02-26,68009.4164553068,602384.3495920541,534374.9331367473
2022-02-27,65111.07223249313,586482.3819500003,521371.30971750716
2022-02-28,63098.32257534148,568211.606344886,505113.2837695445
2022-03-01,60208.42111286051,553638.7819596075,493430.360846747
2022-03-02,65667.94706535945,609954.4541645988,544286.5070992394
2022-03-03,65521.17639667312,603250.5136601573,537729.3372634843
2022-03-04,68331.47824944172,602616.7142506134,534285.2360011716
2022-03-05,68402.55351733945,611922.5104806882,543519.9569633488
2022-03-06,74281.34721746041,647907.0909029053,573625.7436854449
2022-03-07,66746.01472532161,603931.9750593714,537185.9603340498
2022-03-08,64861.133576372304,601303.5017015713,536442.368125199
2022-03-09,61578.9494351882,567989.2681923199,506410.3187571317
2022-03-10,68333.99372694116,597500.116949856,529166.1232229149
2022-03-11,61149.270297557174,560205.7491742212,499056.478876664
2022-03-12,62548.26822548114,558932.8987993698,496384.63057388866
2022-03-13,68627.04667750628,625096.1121990045,556469.0655214982
2022-03-14,63886.784830727935,585405.9298018364,521519.1449711084
2022-03-15,60202.416586185194,553927.5104111877,493725.09382500243
2022-03-16,59666.43383214393,569823.9097443993,510157.47591225535
2022-03-17,63639.04396604054,587528.6026136031,523889.5586475626
2022-03-18,60053.148279442335,565405.6237384016,505352.47545895923
2022-03-19,65601.879726532,590962.6331591337,525360.7534326017
2022-03-20,69169.54217824213,642030.3168912663,572860.7747130241
2022-03-21,64649.00348220512,599177.9864247087,534528.9829425036
2022-03-22,65439.36194907947,608712.2053209877,543272.8433719083
2022-03-23,68035.21748311496,631906.1784365489,563870.960953434
2022-03-24,71986.21403475708,673221.1682812934,601234.9542465362
2022-03-25,74059.06664174098,701346.3539753562,627287.2873336152
2022-03-26,72337.37110507178,683873.4327923276,611536.0616872559
2022-03-27,75987.12219912343,719409.7896474205,643422.6674482971
2022-03-28,72792.02640904464,694816.3291117137,622024.302702669
2022-03-29,83024.87485606181,911618.9268778823,828594.0520218206
2022-03-30,83109.65661246656,859515.8647939814,776406.2081815149
2022-03-31,80188.45564602393,815193.575060583,735005.119414559
2022-04-01,80915.91969304258,808943.3095211321,728027.3898280896
2022-04-02,78188.02377662096,767829.4140067498,689641.3902301288
2022-04-03,82474.21299025345,770366.2608163573,687892.0478261039
2022-04-04,80947.25034743067,775352.720992504,694405.4706450733
2022-04-05,79880.91646342906,753443.1657346737,673562.2492712446
2022-04-06,77096.71000392865,731228.1154961707,654131.4054922421
2022-04-07,77882.56426994869,744490.4510721115,666607.8868021627
2022-04-08,75927.58014533603,706252.5513696135,630324.9712242775
2022-04-09,77451.51482595559,741834.8015293713,664383.2867034157
2022-04-10,76357.17636663884,724101.746377156,647744.5700105171
2022-04-11,79263.47313066108,736484.9649893163,657221.4918586552
2022-04-12,79229.93665158088,752433.5729090058,673203.636257425
2022-04-13,79288.89973529486,748829.4607320398,669540.5609967449
2022-04-14,80532.6428286015,753627.7141200255,673095.071291424
2022-04-15,79955.73780641651,747721.0381757888,667765.3003693724
2022-04-16,76494.34374631497,721119.0875716514,644624.7438253365
2022-04-17,79742.12875801453,758135.5741189624,678393.4453609479
2022-04-18,80423.49664481272,1652368.5755244119,1571945.0788795992
2022-04-19,84133.32292042687,782276.8624342189,698143.539513792
2022-04-20,83012.9556960577,757362.4887640096,674349.5330679519
2022-04-21,88811.1412173424,809456.4269203809,720645.2857030386
2022-04-22,109160.4367484927,1050651.6536542724,941491.2169057797
2022-04-23,108160.7133074205,1046718.3818926312,938557.6685852107
2022-04-24,111144.9226921721,1129402.8594831699,1018257.9367909977
2022-04-25,106395.96296299048,1187620.548867235,1081224.5859042446
2022-04-26,97006.30213035634,937844.1104898453,840837.808359489
2022-04-27,111763.33897723904,1045191.1070518326,933427.7680745935
2022-04-28,105904.23588740538,1017531.0592981097,911626.8234107044
2022-04-29,104216.81119615429,1024593.9273481148,920377.1161519605
2022-04-30,100765.02045306907,968136.607969769,867371.5875166999
2022-05-01,96333.87609189053,901386.6640175774,805052.7879256869
2022-05-02,91585.39073306056,830733.8695138365,739148.4787807759
2022-05-03,93949.71525744066,839714.6188618238,745764.9036043831
2022-05-04,88823.76244966924,778552.4260725148,689728.6636228457
2022-05-05,89392.84093093291,766757.1344677473,677364.2935368144
2022-05-06,84649.86897411729,737195.6665923905,652545.7976182732
2022-05-07,84827.76972306613,744309.9052577983,659482.1355347321
2022-05-08,84715.80595312094,738838.8671315892,654123.0611784683
2022-05-09,89566.90956817631,759305.365576555,669738.4560083786
2022-05-10,73498.5474328747,609248.6400485444,535750.0926156697
2022-05-11,63275.679756128426,559976.4951831918,496700.81542706344
2022-05-12,87474.39528216704,590031.4481740658,502557.0528918988
2022-05-13,76940.6911231478,574818.1117988455,497877.4206756977
2022-05-14,56583.47290525879,482449.0203124529,425865.54740719416
2022-05-15,56861.803154789246,470074.9700321803,413213.16687739105
2022-05-16,58053.33618872471,467590.4011253603,409537.06493663555
2022-05-17,52467.689647367246,434996.6000796255,382528.9104322583
2022-05-18,50993.39205835574,432760.39829760976,381767.006239254
2022-05-19,49118.07110868905,406581.285125528,357463.21401683893
2022-05-20,52156.914925026016,421472.995829186,369316.08090416
2022-05-21,55414.8342303203,454722.9730617631,399308.1388314428
2022-05-22,57450.25286441656,457516.2790529274,400066.0261885108
2022-05-23,52810.39878614437,413869.20734666294,361058.80856051855
2022-05-24,46732.933666888086,386402.10709563503,339669.17342874693
2022-05-25,44654.07600213365,368495.1385611797,323841.062559046
2022-05-26,49492.55956999899,362454.7974460362,312962.2378760372
2022-05-27,42616.45992747566,336576.09636386245,293959.6364363868
2022-05-28,40493.79300334884,313341.49035161105,272847.6973482622
2022-05-29,36686.997146683425,306101.5552401998,269414.5580935164
2022-05-30,35936.30393497828,294496.85672006453,258560.55278508627
2022-05-31,40507.59515728902,322235.72099674976,281728.12583946076
2022-06-01,37953.707570500235,317445.3577967901,279491.6502262899
2022-06-02,49285.83199358231,427615.0747394548,378329.24274587247
2022-06-03,52563.702269969246,458286.0577150488,405722.3554450795
2022-06-04,55903.64642593861,497186.99228266685,441283.34585672827
2022-06-05,61608.253311498775,520646.41270676884,459038.15939527005
2022-06-06,58254.79912487585,519301.1758920406,461046.37676716474
2022-06-07,66324.60509791481,568715.9701691126,502391.36507119774
2022-06-08,64051.22771260921,569420.8654157182,505369.63770310895
2022-06-09,65866.35413289609,573080.9859829254,507214.63185002934
2022-06-10,65224.29334596025,562761.7090811324,497537.41573517217
2022-06-11,67580.59912597892,561916.8108054342,494336.21167945536
2022-06-12,72582.47162954744,539719.8061866463,467137.3345570989
2022-06-13,66354.05619172011,535720.1644883398,469366.10829661967
2022-06-14,75437.83238225139,500868.4185022562,425430.5861200048
2022-06-15,55246.791755195605,419519.8264315848,364273.0346763892
2022-06-16,58651.258645190006,419493.20671636786,360841.9480711779
2022-06-17,50192.9505767385,884446.1276577844,834253.1770810459
2022-06-18,43880.992725785014,364611.74112031196,320730.74839452695
2022-06-19,48668.96758296088,379599.55155690253,330930.5839739416
2022-06-20,40410.81699376862,351777.0445585467,311366.22756477806
2022-06-21,42131.45050409714,353484.45838509884,311353.0078810017
2022-06-22,39875.73569443746,336495.7732156249,296620.03752118745
2022-06-23,38982.92911724726,326726.3278739879,287743.3987567406
2022-06-24,38799.80644017691,326380.44462615164,287580.63818597473
2022-06-25,40895.667979094105,328955.4691471212,288059.8011680271
2022-06-26,42001.577497609556,325094.71614609746,283093.1386484879
2022-06-27,40865.22603181084,331448.67510469555,290583.4490728847
2022-06-28,39380.31931681089,321545.5485414126,282165.2292246017
2022-06-29,43624.79114849854,337982.43644404144,294357.6452955429
2022-06-30,42472.04525546789,335565.2335615754,293093.18830610754
2022-07-01,42676.95453835832,336753.3571781156,294076.40263975726
2022-07-02,40691.857096052685,327697.7243530293,287005.8672569766
2022-07-03,39985.14372264464,324547.26386633544,284562.1201436908
2022-07-04,35447.149809155984,290145.7607474015,254698.61093824552
2022-07-05,40062.085847424736,306658.0009169457,266595.91506952094
2022-07-06,40671.93837162503,319104.68830783636,278432.74993621133
2022-07-07,35962.38148893647,272596.6691222823,236634.2876333458
2022-07-08,33634.11736457668,268352.140816709,234718.02345213236
2022-07-09,34721.467999116794,350561.31154444296,315839.84354532615
2022-07-10,33466.381364579036,332474.01281396206,299007.63144938304
2022-07-11,32941.500444478515,267738.635765195,234797.13532071648
2022-07-12,31761.773510485607,259651.86947131617,227890.09596083057
2022-07-13,30150.93507513974,246678.41894120528,216527.48386606554
2022-07-14,33318.90242103224,250020.0836526482,216701.18123161595
2022-07-15,36921.375993731766,263410.20145935664,226488.82546562486
2022-07-16,33812.067762967876,255024.21224202838,221212.14447906052
2022-07-17,32404.435403407042,254208.7156684073,221804.28026500024
2022-07-18,31807.678383180624,258375.5741526265,226567.89576944587
2022-07-19,38129.405502237714,290569.2787333075,252439.87323106977
2022-07-20,39203.31697957576,293698.11623424094,254494.79925466518
2022-07-21,40336.74532228429,389571.61205454776,349234.8667322635
2022-07-22,39061.62824774711,367225.25029381213,328163.62204606505
2022-07-23,32909.06385926367,276596.69443486346,243687.6305755998
2022-07-24,28290.437729498983,236224.83303562173,207934.39530612275
2022-07-25,29933.392933529678,375301.55137580587,345368.1584422762
2022-07-26,28158.877229883612,296956.2679436529,268797.3907137693
2022-07-27,28419.469703350904,262427.64827515115,234008.17857180024
2022-07-28,28232.44293132412,228638.54021297983,200406.0972816557
2022-07-29,31227.43281583892,259650.78122853118,228423.34841269226
2022-07-30,32434.04213313091,270989.4165211341,238555.37438800317
2022-07-31,35080.918869764515,693044.0536508905,657963.1347811259
2022-08-01,31758.855350316175,628579.9824219048,596821.1270715886
2022-08-02,33270.84817795456,638596.6576412867,605325.8094633322
2022-08-03,31608.580836308938,453135.9856357182,421527.40479940927
2022-08-04,32445.829988253747,586312.4472567511,553866.6172684974
2022-08-05,34234.9704209882,507346.4120868896,473111.4416659014
2022-08-06,46032.26206299478,627698.0334462852,581665.7713832904
2022-08-07,55948.73265714837,849140.107158592,793191.3745014436
2022-08-08,52140.610716894065,831676.7606014863,779536.1498845923
2022-08-09,53859.013993892055,994908.037579739,941049.023585847
2022-08-10,53776.92494001125,906373.1405635873,852596.2156235761
2022-08-11,53654.55087546316,903275.163592941,849620.6127174778
2022-08-12,56733.89994360854,1078347.0644740807,1021613.1645304721
2022-08-13,57452.8833753794,1055373.538662503,997920.6552871236
2022-08-14,60468.862587915355,1246335.6467743397,1185866.7841864245
2022-08-15,59724.45183190887,996419.2779349897,936694.8261030808
2022-08-16,63533.508087638664,1082843.431800931,1019309.9237132923
2022-08-17,84041.62867806065,1036177.8516375046,952136.222959444
2022-08-18,57009.76054167049,981366.207224164,924356.4466824936
2022-08-19,54896.457890516045,904154.5525388888,849258.0946483727
2022-08-20,53557.060055237016,830580.9445714615,777023.8845162245
2022-08-21,47067.970823911266,366803.52373884956,319735.5529149383
2022-08-22,45103.89573851711,359143.43711069797,314039.54137218086
2022-08-23,46605.99642121349,367893.08173911145,321287.08531789796
2022-08-24,50664.54530926324,398130.21416328487,347465.66885402164
2022-08-25,50197.39667901189,404568.20188188273,354370.80520287086
2022-08-26,49215.817385135524,400466.5016700113,351250.6842848758
2022-08-27,45117.735799562055,378230.3394457465,333112.60364618443
2022-08-28,43863.58007493304,355140.84410596953,311277.2640310365
2022-08-29,43637.305908022405,350797.4899499971,307160.1840419747
2022-08-30,52611.10802600994,403542.9012095969,350931.79318358697
2022-08-31,45036.05361775952,367646.9766934527,322610.9230756932
2022-09-01,48726.24108921703,401979.1878975646,353252.9468083476
2022-09-02,97377.52518549027,495672.28645574197,398294.7612702517
2022-09-03,50003.50240664804,432018.51944121695,382015.01703456894
2022-09-04,45877.42538365461,388128.8787299986,342251.453346344
2022-09-05,46510.83795677572,389109.54990193516,342598.7119451594
2022-09-06,51266.55356422688,431730.3995843409,380463.846020114
2022-09-07,72865.63250047828,692030.1820826854,619164.5495822071
2022-09-08,59197.01240111102,524088.21148879523,464891.1990876842
2022-09-09,53277.28771278159,470812.0819202278,417534.7942074462
2022-09-10,51657.55227089894,456593.5106359762,404935.95836507727
2022-09-11,56465.39507306042,502684.7545704776,446219.3594974172
2022-09-12,65442.9529380337,1030357.0347447254,964914.0818066917
2022-09-13,77832.550258283,1264942.7986841542,1187110.2484258711
2022-09-14,86158.83425173095,1046712.0071762699,960553.172924539
2022-09-15,152747.6341680302,1471685.2404148618,1318937.6062468316
2022-09-16,104571.59192059911,982871.4420772074,878299.8501566083
2022-09-17,32680.829745093033,272939.62533933064,240258.7955942376
2022-09-18,32671.64229897802,267917.9996236549,235246.35732467685
2022-09-19,32808.56908664911,268906.91796608956,236098.34887944045
2022-09-20,33373.32704043423,262310.7562788549,228937.42923842068
2022-09-21,29240.039082651627,248533.02860708005,219292.9895244284
2022-09-22,32935.24082454696,258609.1842539247,225673.94342937774
2022-09-23,33231.81069484547,257825.08039277393,224593.26969792845
2022-09-24,224519.80849527763,443619.1825153794,219099.37402010176
2022-09-25,31244.014318989714,247209.4856591375,215965.4713401478
2022-09-26,30289.3050506856,251518.26251463895,221228.95746395335
2022-09-27,32206.623900246577,248241.76188072798,216035.1379804814
2022-09-28,30210.478593696906,245764.04182238193,215553.56322868503
2022-09-29,29818.301813141086,235830.43645887158,206012.1346457305
2022-09-30,26670.12672106543,220512.67690038122,193842.5501793158
2022-10-01,27686.94345505822,219706.49248868367,192019.54903362546
2022-10-02,26538.143149733693,216548.70799940906,190010.56484967537
2022-10-03,27101.511899390178,217489.4180055621,190387.90610617193
2022-10-04,29408.483140902026,225258.1439888479,195849.6608479459
2022-10-05,29509.652774085367,230019.1876430435,200509.53486895812
2022-10-06,29573.794210210384,233040.42941373866,203466.63520352828
2022-10-07,29180.30420628008,229632.0019390653,200451.6977327852
2022-10-08,28835.62339878657,225175.47779169172,196339.85439290514
2022-10-09,27415.142899962313,218422.8308129703,191007.68791300798
2022-10-10,168735.04081919533,358138.9461492167,189403.90533002134
2022-10-11,28346.347444565217,216804.68247141715,188458.33502685194
2022-10-12,27913.94983877115,220184.13173349499,192270.18189472385
2022-10-13,27640.97639179584,220690.14842918882,193049.17203739297
2022-10-14,28885.777453854345,220968.9492538739,192083.17180001957
2022-10-15,26934.13806102109,213346.26131810277,186412.12325708166
2022-10-16,27998.645566485175,219391.5692264341,191392.92365994892
2022-10-17,25601.93515956315,206524.44576875577,180922.51060919263
2022-10-18,28051.880070098938,212557.25506629175,184505.3749961928
2022-10-19,27760.182340393527,214314.85789171737,186554.67555132386
2022-10-20,26890.728547840103,206312.49886520416,179421.77031736408
2022-10-21,25142.305298928055,199947.28024463443,174804.97494570637
2022-10-22,23101.18590721704,189729.11734032934,166627.9314331123
2022-10-23,24820.93713510333,204610.6829989184,179789.74586381507
2022-10-24,27340.82635254028,219782.20586252393,192441.37950998364
2022-10-25,93225.64949149407,273947.0151921947,180721.36570070067
2022-10-26,26218.40605645467,221424.0102667532,195205.60421029854
2022-10-27,215723.04180257334,422644.9442639857,206921.90246141233
2022-10-28,28875.372885090652,243258.13033800054,214382.7574529099
2022-10-29,30275.032080015837,255968.93808294932,225693.90600293348
2022-10-30,30738.727315731325,255265.21083230962,224526.4835165783
2022-10-31,30685.390908781803,254122.37555207766,223436.98464329587
2022-11-01,25213.734567365827,205260.57119864275,180046.83663127694
2022-11-02,25124.510790558514,203903.306276859,178778.79548630049
2022-11-03,23760.58162193525,195533.69312367114,171773.1115017359
2022-11-04,23318.896704032086,186091.14462502397,162772.24792099188
2022-11-05,29261.38040939439,219579.66659075074,190318.28618135635
2022-11-06,26291.16485467601,203862.20750093652,177571.04264626052
2022-11-07,26299.000666207445,210138.82496895955,183839.8243027521
2022-11-08,28581.08768740172,209131.96608510002,180550.8783976983
2022-11-09,27731.304840745448,188589.91549612366,160858.6106553782
2022-11-10,258183.86560841004,479533.17712443694,221349.3115160269
2022-11-11,34200.13209622615,318041.81140881026,283841.6793125841
2022-11-12,25283.90240892369,226480.59977272837,201196.69736380468
2022-11-13,26182.825797869133,237315.31776312794,211132.4919652588
2022-11-14,21205.44887004463,181249.05873467872,160043.60986463408
2022-11-15,21906.35796352251,220001.7219983024,198095.3640347799
2022-11-16,18542.72234965423,262117.54012930332,243574.8177796491
2022-11-17,20130.534576417776,175639.86392521317,155509.3293487954
2022-11-18,22893.20698866631,193350.98439425867,170457.77740559238
2022-11-19,20439.187620106917,168725.83519496067,148286.64757485376
2022-11-20,20788.345501667238,174899.2337737098,154110.88827204256
2022-11-21,25338.06463961525,202976.37067517047,177638.30603555523
2022-11-22,22587.829970356077,194335.44577336535,171747.61580300928
2022-11-23,78623.88533981261,411062.0169406758,332438.1316008632
2022-11-24,36779.77691790742,246898.16501305968,210118.38809515227
2022-11-25,26280.610980649668,199119.10612344195,172838.4951427923
2022-11-26,23336.251888283652,226357.6340241572,203021.38213587354
2022-11-27,24510.097318774875,187956.228111865,163446.13079309012
2022-11-28,20332.720715336334,165387.02227180192,145054.3015564656
2022-11-29,18884.597313978386,163270.48083184517,144385.88351786678
2022-11-30,18461.94972499008,156878.33523904436,138416.38551405427
2022-12-01,19812.451749807973,166672.10293866025,146859.65118885227
2022-12-02,27549.319493336057,157631.9407067119,130082.62121337585
2022-12-03,18344.483218721987,205058.89388596726,186714.41066724528
2022-12-04,17678.709642220492,150266.97839956824,132588.26875734775
2022-12-05,17777.977451025898,150499.64132092995,132721.66386990406
2022-12-06,18464.62545967086,156652.80891588997,138188.1834562191
2022-12-07,18615.027722964795,160301.4402420092,141686.41251904442
2022-12-08,18247.48045800254,156769.93270852847,138522.45225052594
2022-12-09,18483.561853949373,164686.86375824412,146203.30190429476
2022-12-10,17735.29228815912,153630.46906203407,135895.17677387496
2022-12-11,18371.86413926781,172046.52290286188,153674.65876359405
2022-12-12,18516.271406737826,160476.7609791436,141960.4895724058
2022-12-13,20535.96882071332,158602.91995105473,138066.95113034142
2022-12-14,19000.869289385282,166362.6504193922,147361.78113000692
2022-12-15,18631.583064220842,160363.3409741786,141731.75790995776
2022-12-16,18292.579413333515,159184.66855709278,140892.08914375928
2022-12-17,18600.68628873833,158317.76591159494,139717.0796228566
2022-12-18,17365.640483925254,153524.12280045767,136158.4823165324
2022-12-19,19754.08833084643,165161.98224071623,145407.8939098698
2022-12-20,23962.56593982243,180009.61108880292,156047.04514898048
2022-12-21,23045.18389642617,175775.35339473656,152730.1694983104
2022-12-22,23488.347742842965,177780.35146092024,154292.00371807726
2022-12-23,28191.57082457431,176967.31996988994,148775.74914531564
2022-12-24,22258.521651861047,168910.36812794989,146651.84647608883
2022-12-25,21638.343455099402,167517.09359705116,145878.75014195175
2022-12-26,21369.236627412633,162686.20087845932,141316.96425104668
2022-12-27,22203.68537567239,165728.38569661023,143524.70032093785
2022-12-28,21135.310034726856,165310.02146300697,144174.7114282801
2022-12-29,21437.02287258453,163622.07878378697,142185.05591120245
2022-12-30,20877.308100405386,160782.40011275798,139905.0920123526
2022-12-31,20327.278891408536,157087.6577802258,136760.37888881727
2023-01-01,20853.13557271673,160335.95658841456,139482.82101569782
2023-01-02,20470.379727735348,159149.6366186423,138679.25689090695
2023-01-03,27155.951729607412,158550.55169954986,131394.59996994244
2023-01-04,20826.185725708616,161833.87286570168,141007.68713999307
2023-01-05,47058.16774921829,165598.55596695974,118540.38821774145
2023-01-06,20857.15853998477,159361.95499850682,138504.79645852203
2023-01-07,21747.65394605739,165693.6113572556,143945.9574111982
2023-01-08,20849.570108455875,158132.15815536032,137282.58804690445
2023-01-09,20780.978285288278,160438.1827884319,139657.2045031436
2023-01-10,22080.357065975688,164140.96515365996,142060.60808768426
2023-01-11,22220.251164500853,166860.3153654468,144640.06420094593
2023-01-12,26338.747482672232,163262.6346943189,136923.88721164665
2023-01-13,34652.60330624305,174766.58167601342,140113.97836977037
2023-01-14,22838.742356742274,170295.95011472187,147457.2077579796
2023-01-15,29392.878905187747,178784.9730171359,149392.09411194816
2023-01-16,23760.329892691236,204288.9723028412,180528.64241014997
2023-01-17,23610.99500490564,182183.1655106989,158572.17050579324
2023-01-18,23820.210182215767,180318.27890480013,156498.06872258437
2023-01-19,24037.371702476208,185447.67280529154,161410.30110281534
2023-01-20,24105.448656360273,184570.11787567963,160464.66921931936
2023-01-21,24758.04667329818,188374.80364671155,163616.75697341337
2023-01-22,23807.673123761597,182677.59183614247,158869.91871238087
2023-01-23,23880.75586954094,186863.92760241777,162983.17173287683
2023-01-24,24606.768931903913,192217.89727867302,167611.1283467691
2023-01-25,43779.58938446862,204582.36032362946,160802.77093916084
2023-01-26,642611.921191342,807157.1551921976,164545.2340008557
2023-01-27,23686.366785456456,183697.12763737977,160010.76085192332
2023-01-28,24239.729928496625,185134.2791964597,160894.5492679631
2023-01-29,24289.504583445167,185084.59749370738,160795.0929102622
2023-01-30,23637.821378372166,183356.39541592912,159718.57403755694
2023-01-31,24488.553802665567,186814.29712967676,162325.7433270112
2023-02-01,23073.6370118645,182639.9092440568,159566.27223219228
2023-02-02,25943.252678878664,199836.00483542914,173892.75215655047
2023-02-03,28839.084051240185,234659.92256042472,205820.83850918454
2023-02-04,24385.933252295494,192006.13667932132,167620.20342702582
2023-02-05,24775.101574049255,195236.19320409137,170461.09163004212
2023-02-06,24885.31524047205,200803.12536289796,175917.8101224259
2023-02-07,27181.35717410958,209601.01343203383,182419.65625792425
2023-02-08,25385.791619179858,198954.86682606756,173569.0752068877
2023-02-09,25535.996450607712,199510.7706585607,173974.77420795299
2023-02-10,25150.715002435212,220683.66511762593,195532.95011519073
2023-02-11,23730.200966609566,190641.31528367003,166911.11431706048
2023-02-12,23685.265304293127,181960.8984739877,158275.63316969457
2023-02-13,23164.64352435577,183265.09281931075,160100.44929495497
2023-02-14,25494.535129891283,203387.3575872945,177892.82245740324
2023-02-15,24858.081483768867,202740.6814430277,177882.5999592588
2023-02-16,25923.71536623404,204967.69052760018,179043.97516136614
2023-02-17,26248.04024818493,234986.68221926093,208738.641971076
2023-02-18,24461.043621741366,194333.7686318644,169872.72501012305
2023-02-19,25636.52980120825,195757.36639430202,170120.83659309376
2023-02-20,25376.059450252786,195725.04689021411,170348.98743996132
2023-02-21,24327.47081949137,193938.51254527064,169611.04172577927
2023-02-22,25343.06730905343,196990.63531850764,171647.5680094542
2023-02-23,24849.816112637305,196730.11497794857,171880.29886531126
2023-02-24,24900.02722099342,193936.51735906786,169036.49013807444
2023-02-25,25298.405140303497,203278.74657199887,177980.3414316954
2023-02-26,24560.328213168777,197275.4745392187,172715.14632604993
2023-02-27,22807.585153626434,190060.3360158595,167252.75086223308
2023-02-28,24240.184534455864,187552.44387489013,163312.25934043428
2023-03-01,23088.158747709524,183959.06907155723,160870.9103238477
2023-03-02,24595.051623870073,195609.44056014263,171014.38893627256
2023-03-03,24868.33308526751,198850.05573924485,173981.72265397734
2023-03-04,22971.160159410203,189097.72159240147,166126.56143299126
2023-03-05,21866.41242951407,172784.368381469,150917.9559519549
2023-03-06,22076.519387975044,169350.59383004898,147274.07444207394
2023-03-07,21417.473866663924,165720.3401717966,144302.86630513266
2023-03-08,21310.041929945823,171751.37563379193,150441.33370384612
2023-03-09,22594.308856631447,178070.72225407424,155476.41339744278
2023-03-10,25050.046703148364,162384.14262372555,137334.09592057718
2023-03-11,23312.272061843993,175419.3557214951,152107.0836596511
2023-03-12,97344.11378586965,829944.7988914152,732600.6851055456
2023-03-13,107983.80488401256,977127.5022911625,869143.69740715
2023-03-14,74634.09871667661,1047036.1848546938,972402.0861380172
2023-03-15,48844.66438972362,372559.54178235645,323714.8773926328
2023-03-16,46419.727363721584,278772.98261084233,232353.25524712075
2023-03-17,41897.930447000246,245764.9842306531,203867.05378365284
2023-03-18,43580.96243736818,251778.04411562617,208197.081678258
2023-03-19,34406.06070331397,203415.85040857116,169009.7897052572
2023-03-20,41674.06855292489,216107.2721620615,174433.20360913663
2023-03-21,41251.0112170722,235158.38309914642,193907.37188207422
2023-03-22,40530.65805203305,221723.3448175395,181192.68676550646
2023-03-23,34678.669772242894,210198.67819651373,175520.00842427084
2023-03-24,33298.48472636321,211786.250436532,178487.76571016878
2023-03-25,29648.840574933285,203539.81737096515,173890.97679603187
2023-03-26,34644.82837184048,192188.8996384233,157544.07126658282
2023-03-27,25485.403957763236,178578.23556463115,153092.8316068679
2023-03-28,26876.80750641226,186517.31078522018,159640.5032788079
2023-03-29,22861.454709339177,174241.11607869656,151379.66136935737
2023-03-30,31061.383165513576,189235.39892105086,158174.0157555373
2023-03-31,32251.653134398668,198942.8808181674,166691.22768376875
2023-04-01,31196.580990946735,195806.28337337569,164609.70238242895
2023-04-02,26303.94014468569,191604.34106251417,165300.4009178285
2023-04-03,33424.38629323889,196244.32619692117,162819.93990368227
2023-04-04,29319.47924623865,195073.18627589237,165753.7070296537
2023-04-05,23850.532898699348,208902.76376627787,185052.23086757853
2023-04-06,24997.347677767477,185967.70260960315,160970.35493183567
2023-04-07,27034.54912200739,178506.92916772352,151472.38004571613
2023-04-08,26191.971209212435,181450.90805608212,155258.93684686968
2023-04-09,25954.979637203804,185130.90309083674,159175.92345363295
2023-04-10,27912.84548727456,185649.15043112866,157736.3049438541
2023-04-11,27057.735656897526,189695.25808601695,162637.52242911942
2023-04-12,25742.613989085392,182801.31141348253,157058.69742439713
2023-04-13,26109.76367208034,190973.96698228805,164864.20331020773
2023-04-14,31735.23453779701,209358.35265602512,177623.1181182281
2023-04-15,31450.988981722072,232865.308493959,201414.31951223692
2023-04-16,25349.962999679286,204432.22400405543,179082.26100437614
2023-04-17,25378.402723151667,197243.90964679417,171865.5069236425
2023-04-18,28020.77516035103,204213.53185853045,176192.7566981794
2023-04-19,30997.02316913213,203668.1793670071,172671.15619787498
2023-04-20,27478.20884821457,198605.58940880015,171127.3805605856
2023-04-21,28374.63562468624,205002.6558744214,176628.02024973516
2023-04-22,29513.451841198912,206266.48286807683,176753.03102687793
2023-04-23,23486.633279469024,183260.7163525466,159774.08307307755
2023-04-24,25179.718684053514,196122.81561063934,170943.09692658583
2023-04-25,24075.65914805625,192416.15181372364,168340.49266566738
2023-04-26,24031.301973219906,192052.1937381524,168020.8917649325
2023-04-27,23738.96706158772,189649.2015408559,165910.23447926817
2023-04-28,24304.969027554715,188813.2031952067,164508.234167652
2023-04-29,29448.534933634808,241351.09181205212,211902.55687841732
2023-04-30,26020.277245042886,187960.762336388,161940.48509134512
2023-05-01,29048.01425482065,215018.32114538265,185970.306890562
2023-05-02,25687.614813127235,205208.54191881366,179520.92710568642
2023-05-03,26286.88188195547,216236.65308642125,189949.7712044658
2023-05-04,25897.46060481122,205513.06295416414,179615.6023493529
2023-05-05,24637.856588709215,187801.07097334744,163163.2143846382
2023-05-06,23736.63640958844,194388.41605423257,170651.77964464412
2023-05-07,23337.939717481695,187959.97143061698,164622.03171313528
2023-05-08,22490.94869988297,178390.28108593717,155899.3323860542
2023-05-09,29176.320977543168,229336.125496708,200159.80451916484
2023-05-10,25409.267890927444,191348.13671589777,165938.86882497033
2023-05-11,24973.4759883024,196213.6602818863,171240.18429358388
2023-05-12,22340.948534610117,185509.00441222862,163168.0558776185
2023-05-13,25552.724633415575,193613.49284470658,168060.768211291
2023-05-14,24803.653263449487,197958.88420569024,173155.23094224074
2023-05-15,24174.52825052258,193081.3750455434,168906.8467950208
2023-05-16,25237.189889992915,189341.5264368365,164104.33654684358
2023-05-17,24885.02012113057,194148.41307949147,169263.3929583609
2023-05-18,24185.53176175035,194246.43269159258,170060.90092984223
2023-05-19,25012.80932905734,197288.20135446786,172275.39202541052
2023-05-20,23406.948170728992,189681.45458173493,166274.50641100595
2023-05-21,24579.3409295597,196458.49220619778,171879.1512766381
2023-05-22,23570.407324767406,185364.36273251087,161793.95540774346
2023-05-23,24027.05782230782,187748.21711514157,163721.15929283376
2023-05-24,24498.462465845096,199483.25322092525,174984.79075508015
2023-05-25,24126.566622403552,190933.076940748,166806.51031834446
2023-05-26,25332.40412891512,194383.75521552,169051.35108660487
2023-05-27,24729.10392583771,195469.5886919933,170740.4847661556
2023-05-28,25143.95693882286,192823.20166256337,167679.2447237405
2023-05-29,27204.105894840905,252632.10858580517,225428.00269096426
2023-05-30,27166.217628323517,202714.81541675376,175548.59778843023
2023-05-31,25822.640755014832,206055.56997870747,180232.92922369263
2023-06-01,25788.00530276063,209067.52972715968,183279.52442439905
2023-06-02,25455.96910091804,200344.91926968278,174888.95016876474
2023-06-03,28086.19382604407,221214.05698883333,193127.86316278926
2023-06-04,26037.082271831605,208810.42381088756,182773.34153905595
2023-06-05,26856.337026237168,210277.9142986412,183421.57727240404
2023-06-06,32049.278929771484,226437.20674190167,194387.9278121302
2023-06-07,26541.549067267,210806.28980113845,184264.74073387147
2023-06-08,29307.838424338937,219693.42037876113,190385.5819544222
2023-06-09,25614.77188862685,207106.79765946043,181492.02577083357
2023-06-10,26785.687981361745,218298.20083146426,191512.5128501025
2023-06-11,52167.6531485731,210134.51296590854,157966.85981733544
2023-06-12,24934.33673488874,192666.24183868835,167731.9051037996
2023-06-13,25246.88210189154,198113.18119295366,172866.29909106213
2023-06-14,25307.132099308048,205923.63348687487,180616.50138756682
2023-06-15,27027.585046601795,208115.00555418286,181087.42050758106
2023-06-16,29666.31910667526,261071.1675212622,231404.84841458694
2023-06-17,27435.79240720938,219816.41023133328,192380.6178241239
2023-06-18,29408.782571681244,246181.43367720628,216772.65110552503
2023-06-19,23785.338127292343,204447.86120943894,180662.5230821466
2023-06-20,23191.132489884432,195602.4554882577,172411.32299837325
2023-06-21,25161.8802438586,206304.59400822897,181142.71376437036
2023-06-22,24364.540522481166,204852.65730824234,180488.11678576117
2023-06-23,24322.593939012906,202588.5828873099,178265.988948297
2023-06-24,25591.346297074702,212097.90823258215,186506.56193550746
2023-06-25,25753.16357314778,216497.3759791207,190744.2124059729
2023-06-26,26966.45947563507,217131.6002038398,190165.14072820474
2023-06-27,26398.266064232303,219876.709630011,193478.4435657787
2023-06-28,26983.697437621624,246958.13381963802,219974.4363820164
2023-06-29,70730.94823918668,199048.84533318673,128317.89709400006
2023-06-30,70224.18386953569,222214.02253590414,151989.83866636845
2023-07-01,72134.71638333211,209339.82870771334,137205.11232438125
2023-07-02,71621.60196017368,211211.26468336396,139589.66272319027
2023-07-03,71924.77385976334,212240.92986641097,140316.15600664762
2023-07-04,71973.1467811173,236836.13506051904,164862.98827940173
2023-07-05,68498.12923484795,182247.66256588543,113749.53333103748
2023-07-06,70322.74072047653,197777.04345722223,127454.3027367457
2023-07-07,22021.505943425444,184236.43331863746,162214.92737521202
2023-07-08,21245.129592522404,180936.53381516444,159691.40422264204
2023-07-09,22918.91803075864,186355.55847876248,163436.64044800383
2023-07-10,26991.986087855006,187113.39493701883,160121.40884916382
2023-07-11,32811.1941358154,204176.6497199737,171365.4555841583
2023-07-12,32277.575757327995,186551.91791647527,154274.3421591473
2023-07-13,37637.673142129,203325.58429235767,165687.91115022867
2023-07-14,37571.068637515906,232118.68081539552,194547.6121778796
2023-07-15,31096.07505952133,193327.6712281729,162231.59616865157
2023-07-16,32260.70846882898,196074.73703507212,163814.02856624313
2023-07-17,32300.79699903085,195756.61924858784,163455.822249557
2023-07-18,32556.605815728068,188046.7657758214,155490.15996009333
2023-07-19,33672.31348356922,205084.1854964276,171411.8720128584
2023-07-20,36434.230180911625,216791.10441178505,180356.87423087342
2023-07-21,33718.4201630929,242439.33352818902,208720.91336509612
2023-07-22,32082.46479004503,196445.62247685913,164363.1576868141
2023-07-23,29811.015163049764,174385.02825683958,144574.0130937898
2023-07-24,31710.492395029112,195532.68291712258,163822.19052209347
2023-07-25,29113.86678549985,180237.68038152822,151123.81359602837
2023-07-26,32477.958033051334,190756.80006026188,158278.84202721054
2023-07-27,29269.268290975775,178618.88627664375,149349.61798566798
2023-07-28,30519.96168621893,190063.42305315065,159543.46136693173
2023-07-29,32732.7828103157,199477.33968028656,166744.55686997087
2023-07-30,40630.01860366752,260723.25044377657,220093.23184010905
2023-07-31,104462.76676600699,696810.9414154426,592348.1746494357
2023-08-01,83518.51299467626,542345.3340943955,458826.82109971927
2023-08-02,2307428.1929774913,2663707.6194061562,356279.42642866494
2023-08-03,61598.43156367598,393472.0421290495,331873.6105653735
2023-08-04,47875.1320845295,294634.7005418716,246759.5684573421
2023-08-05,46085.12722036739,316059.1991163137,269974.07189594634
2023-08-06,43874.66724805026,270181.2793766961,226306.61212864582
2023-08-07,40980.65866529802,254607.537891897,213626.87922659898
2023-08-08,32263.12940360754,198730.32834586207,166467.19894225453
2023-08-09,40421.55232376271,215558.87961541468,175137.32729165198
2023-08-10,43021.171264397395,233753.5894801518,190732.4182157544
2023-08-11,64105.996761755276,385966.3753892242,321860.37862746895
2023-08-12,3004837.630868444,3198074.141281297,193236.51041285275
2023-08-13,31159.233932957493,179283.347264938,148124.1133319805
2023-08-14,39096.54365718231,196696.5208137,157599.97715651768
2023-08-15,44080.66762600901,215478.55611947912,171397.88849347012
2023-08-16,38951.46664119544,185346.9744043516,146395.50776315617
2023-08-17,48630.91543494288,189854.0078663909,141223.09243144802
2023-08-18,31981.67579319651,163039.53281373953,131057.85702054302
2023-08-19,31968.384953152774,154156.5205289949,122188.13557584214
2023-08-20,33134.458262688066,160888.88141150583,127754.42314881776
2023-08-21,26602.01513049802,146740.01854851484,120138.00341801681
2023-08-22,287101.34746329347,419381.3710824659,132280.02361917245
2023-08-23,28088.171284059157,161937.26204878054,133849.0907647214
2023-08-24,31315.525591436937,169912.73499961407,138597.20940817712
2023-08-25,24164.985859921086,147536.13561486156,123371.14975494047
2023-08-26,21669.281151710853,130467.54116009169,108798.26000838084
2023-08-27,22717.159661569392,146586.1024552737,123868.94279370431
2023-08-28,26815.370539229156,147424.49280528075,120609.12226605159
2023-08-29,33901.97785622249,194087.30455852943,160185.32670230695
2023-08-30,28967.273061872816,177948.98472058828,148981.71165871547
2023-08-31,32111.169981863393,172366.40173976304,140255.23175789963
2023-09-01,31196.298060089466,163940.28924856658,132743.9911884771
2023-09-02,27959.627678957877,152951.97686421883,124992.34918526094
2023-09-03,47736.002890768876,286902.3513946352,239166.34850386635
2023-09-04,1783734.475335527,2002595.8031229163,218861.32778738928
2023-09-05,43103.53636053308,271087.81472778495,227984.27836725186
2023-09-06,42117.174053152536,254186.13827133225,212068.96421817972
2023-09-07,38517.045397521804,251458.03901055554,212940.99361303373
2023-09-08,37615.04736770895,241849.7509694694,204234.70360176044
2023-09-09,35811.85758262898,241694.59671366485,205882.73913103587
2023-09-10,40034.19274696599,262521.5413239512,222487.3485769852
2023-09-11,55335.72581488498,291282.61416053015,235946.88834564516
2023-09-12,47746.1522731843,257768.15618429295,210022.00391110865
2023-09-13,55271.86882897555,283533.1797803338,228261.3109513583
2023-09-14,50235.25321291324,258738.06462037208,208502.81140745885
2023-09-15,50037.97281604571,259716.6796938203,209678.7068777746
2023-09-16,44481.30615633369,256481.21710930543,211999.91095297175
2023-09-17,55031.053857178704,295550.1048185804,240519.05096140166
2023-09-18,66905.02615429237,344330.6726175164,277425.6464632241
2023-09-19,47993.64242982629,275972.7889941722,227979.1465643459
2023-09-20,46991.91643391651,266035.3204105393,219043.40397662277
2023-09-21,55678.09099275063,268953.6410763252,213275.55008357458
2023-09-22,60933.258211068736,329839.49126820924,268906.2330571405
2023-09-23,53567.97223386421,281385.2792598262,227817.30702596196
2023-09-24,59395.55880620364,281464.2051911959,222068.64638499223
2023-09-25,43781.469793243916,267323.2573542135,223541.7875609696
2023-09-26,50575.06754481702,338871.61314708326,288296.5456022662
2023-09-27,49241.640882601096,274738.56782307546,225496.92694047437
2023-09-28,59917.25860438559,302031.22390681785,242113.96530243225
2023-09-29,49421.104624745334,291979.7576538181,242558.6530290728
2023-09-30,83334.28950934767,504060.6614610439,420726.37195169623
2023-10-01,52178.82497206334,318314.13756481407,266135.3125927507
2023-10-02,56275.65947125004,336112.1908202374,279836.53134898737
2023-10-03,61296.3622466476,325286.4925873497,263990.13034070213
2023-10-04,53906.471449708,310826.20714045037,256919.73569074238
2023-10-05,71174.62418010738,351728.68558572594,280554.06140561856
2023-10-06,54633.67321639356,312670.71404525824,258037.04082886467
2023-10-07,62434.31532743444,325960.7221332289,263526.40680579445
2023-10-08,55605.58370679896,317769.83223517984,262164.2485283809
2023-10-09,57466.03471060007,319306.6797368333,261840.64502623325
2023-10-10,59963.40810119915,324827.98471006413,264864.576608865
2023-10-11,55620.852078832206,304315.50769437966,248694.65561554744
2023-10-12,60392.66256104372,313579.2905035345,253186.62794249077
2023-10-13,50545.4027659936,283883.4917303305,233338.0889643369
2023-10-14,41963.769883833935,253695.88587224993,211732.115988416
2023-10-15,45301.29487347832,278016.87145029486,232715.57657681653
2023-10-16,54330.99318145625,329490.3979105287,275159.40472907247
2023-10-17,57477.57230871782,348705.80210849363,291228.2297997758
2023-10-18,56374.86538001905,327982.8310379489,271607.96565792983
2023-10-19,56119.886779222565,316987.42494987574,260867.53817065316
2023-10-20,62174.950779026585,344732.48177932994,282557.53100030334
2023-10-21,50468.58175804421,299518.6806899038,249050.0989318596
2023-10-22,45927.45556258474,282856.0320585665,236928.57649598178
2023-10-23,69506.68237374305,397808.36617293995,328301.6837991969
2023-10-24,86085.4390009252,415486.49958677427,329401.0605858491
2023-10-25,69736.0971887459,403042.16486276756,333306.06767402164
2023-10-26,61219.769221403476,378319.0389099427,317099.26968853927
2023-10-27,58425.03312125109,359505.9746091609,301080.9414879098
2023-10-28,68632.92502525085,416223.7381964966,347590.81317124574
2023-10-29,55202.170231000426,345859.78266086784,290657.61242986744
2023-10-30,66988.62069858494,427090.4147275059,360101.79402892094
2023-10-31,52453.634821186366,331100.96968848706,278647.3348673007
2023-11-01,55717.05075983323,349317.17213717924,293600.121377346
2023-11-02,72795.71366157214,451400.973317045,378605.2596554729
2023-11-03,63861.159057364246,390370.97102651873,326509.8119691545
2023-11-04,54667.91470631288,370211.90617647837,315543.9914701655
2023-11-05,34056.985715283285,316797.3974569691,282740.4117416858
2023-11-06,33270.386297077166,295100.89531684935,261830.50901977217
2023-11-07,20229.1171743532,165542.07732708871,145312.96015273553
2023-11-08,23644.436023789618,195704.28074600152,172059.84472221188
2023-11-09,30905.080076236816,227564.54788244975,196659.46780621295
2023-11-10,22015.00933553344,200866.85949617272,178851.85016063927
2023-11-11,20502.75782644906,169324.23683082702,148821.47900437796
2023-11-12,23509.337912946507,203243.26755754638,179733.92964459988
2023-11-13,31129.553464894227,292469.0917780013,261339.53831310704
2023-11-14,93428.01214040315,583867.5958343693,490439.58369396615
2023-11-15,74829.73735073654,482175.0498635473,407345.3125128108
2023-11-16,77857.45392767701,480397.49789256195,402540.04396488494
2023-11-17,60751.2735847076,400443.7555337863,339692.48194907873
2023-11-18,63777.93758379253,415683.6696606878,351905.73207689525
2023-11-19,74681.93924271053,377843.40976313606,303161.47052042553
2023-11-20,68553.90786285054,465357.6677750753,396803.7599122248
2023-11-21,60179.931754822726,379962.7254173771,319782.79366255435
2023-11-22,58362.6602543902,371750.58063221176,313387.92037782155
2023-11-23,61433.27111523923,395524.80092594307,334091.5298107038
2023-11-24,56329.66685081246,359906.10469955485,303576.4378487424
2023-11-25,55754.06851076146,346562.42865502095,290808.36014425947
2023-11-26,63968.22800955639,403140.4835634884,339172.25555393205
2023-11-27,68675.07944372777,412120.9533699382,343445.87392621045
2023-11-28,61936.48030646614,386827.45359649963,324890.9732900335
2023-11-29,71251.87314010465,407415.80876588344,336163.9356257788
2023-11-30,62285.82018384822,385881.74079510686,323595.92061125865
2023-12-01,87964.2818966725,521416.61557599995,433452.33367932745
2023-12-02,93551.1299546978,540865.9753746848,447314.845419987
2023-12-03,84700.8637792835,458450.7923793481,373749.9286000646
2023-12-04,76970.71718865135,441571.1218291831,364600.40464053175
2023-12-05,72791.82747872284,456681.3273383963,383889.49985967344
2023-12-06,71559.24965576868,433814.09074820956,362254.8410924409
2023-12-07,77310.62383512454,490607.8856280985,413297.26179297396
2023-12-08,91891.28016052803,577537.8872066782,485646.60704615014
2023-12-09,89752.50233475666,535867.3311856918,446114.8288509351
2023-12-10,1250563.862954925,1633864.0028193411,383300.1398644161
2023-12-11,107275.14259528312,593902.5148502099,486627.3722549268
2023-12-12,116144.55247929436,714083.2796627753,597938.727183481
2023-12-13,116092.95636000588,754017.707696513,637924.7513365071
2023-12-14,105975.02998519543,677495.5740488614,571520.5440636659
2023-12-15,111075.86717870536,643109.2558097941,532033.3886310887
2023-12-16,87088.08602630721,515917.5768953944,428829.4908690872
2023-12-17,82010.38714166696,494311.59874937753,412301.2116077106
2023-12-18,89056.77130859494,514678.4404176088,425621.66910901386
2023-12-19,102134.18528879179,566212.3664907475,464078.18120195577
2023-12-20,104735.25662989158,602239.3728648899,497504.11623499834
2023-12-21,5332521.702172382,5821791.635252163,489269.933079781
2023-12-22,117474.94457582582,656555.4707134204,539080.5261375946
2023-12-23,94168.4406648346,550225.6869909157,456057.2463260811
2023-12-24,100472.85820405136,590361.9470384133,489889.0888343619
2023-12-25,98641.11891886574,563303.4728781291,464662.35395926336
2023-12-26,105594.82155966983,618851.0764790962,513256.2549194264
2023-12-27,111381.90330383375,633609.7277061818,522227.8244023481
2023-12-28,124155.6482978341,805211.1828616788,681055.5345638447
2023-12-29,114824.05172005095,682831.6344255974,568007.5827055464
2023-12-30,93955.85085237345,566936.4435617178,472980.5927093443
2023-12-31,92504.78004102495,554670.9185073763,462166.1384663514
2024-01-01,94707.61798840397,585518.99049592,490811.37250751595
2024-01-02,110900.54245745033,696759.6148325374,585859.0723750871
2024-01-03,126827.20730651218,642288.2923772215,515461.08507070935
2024-01-04,80415.91381853644,528061.3126244515,447645.398805915
2024-01-05,82593.08379676566,484940.81364566355,402347.7298488979
2024-01-06,72078.2399412763,434837.3797491508,362759.13980787445
2024-01-07,83642.36273706853,545810.6489758033,462168.2862387347
2024-01-08,91156.59925176727,590314.3671218696,499157.7678701023
2024-01-09,78444.14854600797,528266.0869006307,449821.93835462275
2024-01-10,99196.76282742349,624855.1012226088,525658.3383951853
2024-01-11,110179.29935327914,689152.4037760603,578973.1044227812
2024-01-12,103281.45006120796,619952.3058171,516670.855755892
2024-01-13,91202.17028214074,583250.7311524177,492048.560870277
2024-01-14,77372.87541366901,489042.3904079875,411669.5149943185
2024-01-15,93778.15857291878,603604.9252164124,509826.7666434936
2024-01-16,101938.7196324086,650399.5136260522,548460.7939936436
2024-01-17,3358851.0418069786,3840973.3084820407,482122.266675062
2024-01-18,98329.15659587235,659497.3141722747,561168.1575764023
2024-01-19,104534.96149524921,651669.3662407773,547134.4047455281
2024-01-20,86791.2457555393,559855.7767863101,473064.53103077086
2024-01-21,80772.16769982324,553380.3012436207,472608.1335437974
2024-01-22,119697.08064790192,695717.385860152,576020.30521225
2024-01-23,103313.9169724152,533983.0737893505,430669.1568169353
2024-01-24,68738.15972942737,439949.4862528186,371211.32652339124
2024-01-25,71388.8080104999,441788.25790443993,370399.44989394
2024-01-26,64729.53475219598,429951.60665317276,365222.07190097676
2024-01-27,60526.07265393193,410060.94751264364,349534.87485871173
2024-01-28,68234.4135878467,438725.6202058864,370491.20661803964
2024-01-29,63003.45306376225,421359.3299418455,358355.8768780832
2024-01-30,67938.00582605488,448195.40750374884,380257.40167769394
2024-01-31,78657.22339184146,511125.28070158046,432468.057309739
2024-02-01,68504.42905747614,443763.4851910374,375259.0561335613
2024-02-02,75188.91881555875,483142.44259357086,407953.52377801214
2024-02-03,59054.6983568165,402875.20897498576,343820.51061816927
2024-02-04,64344.4251613166,423750.0225142472,359405.59735293064
2024-02-05,69898.8793564439,457594.9147492398,387696.0353927959
2024-02-06,63107.15791432731,437111.3957494557,374004.23783512844
2024-02-07,67773.00058937189,469540.6474253347,401767.64683596283
2024-02-08,67773.00058937189,469540.6474253347,401767.64683596283
